{"type":"HairType","name":"Export","slots_count":7,"attachments":{"Hair_Left_Front":{},"Hair_Right_Front":{},"Fringe_Front":{"Fringe_Front":{"x":21.97,"y":20.14,"rotation":90,"width":90,"height":82}},"Hair_Right_Back":{},"Hair_Left_Back":{},"Hair_Back":{"Hair_Back":{"type":"skinnedmesh","uvs":[0.27575,0.04605,0.25866,0.0843,0.23953,0.12711,0.23598,0.15644,0.23271,0.1835,0.25302,0.22697,0.29367,0.27515,0.35692,0.32333,0.38853,0.37385,0.40431,0.4185,0.45553,0.43808,0.48037,0.46745,0.53912,0.49449,0.63178,0.50743,0.69503,0.55209,0.80577,0.57325,0.86676,0.62378,0.94129,0.70604,0.97179,0.75121,0.98896,0.84179,0.96839,0.88734,0.91563,0.92435,0.84023,0.94674,0.75599,0.96736,0.62723,0.99047,0.51204,0.9886,0.40108,0.97746,0.35029,0.95869,0.43854,0.94898,0.54149,0.93441,0.63778,0.89968,0.50408,0.90382,0.45731,0.87741,0.61517,0.84451,0.71413,0.80562,0.77701,0.74239,0.72732,0.67894,0.65379,0.67406,0.5843,0.62888,0.48538,0.61774,0.42925,0.5802,0.33435,0.54822,0.25416,0.51762,0.21008,0.46967,0.13659,0.41058,0.08943,0.35285,0.0533,0.31172,0.03526,0.24945,0,0.2095,0,0.1671,0,0.13069,0,0.08619,0,0.04151,0.06483,0,0.14926,0,0.25544,0,0.12498,0.08331,0.11767,0.13116,0.12005,0.19665,0.14424,0.24074,0.18297,0.29238,0.22655,0.34024,0.2677,0.39189,0.30643,0.44605,0.37667,0.47881,0.45175,0.52038,0.53168,0.55314,0.60436,0.56943,0.6746,0.60093,0.74,0.63369,0.80055,0.66141,0.86107,0.73321,0.87556,0.7987,0.83676,0.8478,0.77782,0.89041,0.69298,0.93573,0.61785,0.95965,0.51124,0.96466,0.5404,0.88743,0.63458,0.87682,0.70892,0.85301,0.77028,0.82243,0.81306,0.79056,0.81433,0.73903,0.9017,0.72295,0.91716,0.76127,0.92333,0.79605,0.91525,0.83373,0.88177,0.86367,0.84396,0.89039,0.79633,0.91571,0.72258,0.94403,0.64759,0.96914,0.57262,0.97556,0.51129,0.97523,0.13498,0.04897,0.11875,0.161],"triangles":[61,6,7,62,61,7,62,7,8,44,45,61,44,61,62,63,62,8,63,8,9,43,44,62,43,62,63,64,63,9,42,43,63,10,64,9,65,10,11,65,64,10,41,63,64,42,63,41,12,65,11,67,66,12,66,65,12,13,67,12,67,13,14,40,64,65,39,40,65,41,64,40,68,67,14,66,39,65,38,66,67,38,67,68,39,66,38,69,14,15,68,14,69,70,69,15,70,15,16,37,38,68,36,37,68,69,36,68,36,69,70,84,16,17,71,70,16,84,71,16,83,70,71,35,36,70,83,35,70,85,84,17,85,17,18,82,35,83,86,85,18,85,72,71,85,71,84,72,85,86,81,34,35,82,81,35,82,83,71,87,72,86,86,18,19,87,86,19,71,72,82,88,73,72,73,82,72,81,82,73,80,33,34,80,34,81,87,88,72,79,33,80,20,87,19,78,32,33,78,33,79,89,73,88,74,81,73,74,73,89,80,81,74,30,79,80,31,32,78,30,31,78,30,78,79,90,74,89,20,88,87,21,88,20,89,88,21,75,30,80,75,80,74,91,75,74,91,74,90,22,90,89,22,89,21,76,29,30,76,30,75,77,28,29,77,29,76,27,28,77,23,91,90,23,90,22,92,76,75,92,75,91,93,94,77,76,93,77,93,76,92,26,27,77,26,77,94,25,94,93,26,94,25,24,93,92,25,93,24,23,24,92,23,92,91,95,53,54,52,53,95,95,54,55,95,55,0,56,52,95,1,95,0,56,95,1,51,52,56,2,56,1,57,50,51,56,57,51,57,56,2,3,57,2,96,57,3,96,49,50,96,50,57,4,96,3,58,96,4,49,96,58,48,49,58,59,58,4,59,4,5,47,48,58,47,58,59,60,59,5,60,5,6,46,47,59,46,59,60,61,60,6,45,46,60,45,60,61],"vertices":[1,26,1.23,9.22999,1.0,1,26,8.01,7.74,1.0,1,26,15.61,6.07,1.0,1,26,20.81,5.81,1.0,1,26,25.6,5.56,1.0,1,26,33.27,7.52,1.0,2,26,41.75,11.37,0.8097,27,-10.08,11.35,0.19029,2,26,50.21,17.29,0.37995,27,-1.56,17.18,0.62004,2,26,59.12,20.29999,0.12287,27,7.37,20.09,0.87712,2,26,67.0,21.85,0.01956,27,15.27,21.55,0.98043,2,26,70.41,26.61,0.00227,27,18.74,26.27,0.99771,1,27,23.93,28.56,1.0,1,27,28.71,33.97,1.0,1,27,30.99,42.5,1.0,1,27,38.89,48.32,1.0,1,27,42.63,58.51,1.0,1,27,51.57,64.12999,1.0,1,27,66.12,71.0,1.0,1,27,74.11,73.82,1.0,1,27,90.14,75.41,1.0,1,27,98.21,73.53,1.0,1,27,104.76,68.68,1.0,1,27,108.73,61.75,1.0,1,27,112.39,54.0,1.0,1,27,116.49,42.16,1.0,1,27,116.17,31.56,1.0,1,27,114.21,21.35,1.0,1,27,110.89,16.68,1.0,1,27,109.17,24.79,1.0,1,27,106.58,34.25999,1.0,1,27,100.42,43.11,1.0,1,27,101.17,30.81,1.0,1,27,96.5,26.51,1.0,1,27,90.66,41.02,1.0,1,27,83.76999,50.12,1.0,1,27,72.57,55.9,1.0,1,27,61.34,51.31,1.0,1,27,60.49,44.55,1.0,1,27,52.5,38.15,1.0,1,27,50.53,29.05,1.0,1,27,43.89,23.88,1.0,1,27,38.24,15.14,1.0,1,27,32.83,7.76,1.0,1,27,24.35,3.69,1.0,1,27,13.9,-3.07,1.0,2,26,55.73,-7.25,0.36739,27,3.68,-7.42,0.6326,2,26,48.49,-10.66,0.81386,27,-3.58,-10.75,0.18613,2,26,37.49,-12.45,0.9987,27,-14.6,-12.42,0.00129,1,26,30.46,-15.78,1.0,2,26,22.96,-15.87,0.99999,27,-29.18,-15.68,0.0,2,26,16.51,-15.95,0.99999,27,-35.62,-15.68,0.0,2,26,8.64,-16.04,0.99999,27,-43.5,-15.69,0.0,2,26,0.73,-16.14,0.99999,27,-51.41,-15.7,0.0,2,26,-6.68,-10.26,0.99999,27,-58.76,-9.74,0.0,2,26,-6.78,-2.5,0.99999,27,-58.77,-1.97,0.0,1,26,-6.89,7.26,1.0,2,26,7.99,-4.55,0.99999,27,-44.02,-4.19,0.0,2,26,16.46999,-5.12,0.99999,27,-35.55,-4.86,0.0,1,26,28.05,-4.76,1.0,1,26,35.83,-2.44,1.0,1,26,44.93,1.22,1.0,2,26,53.35,5.33,0.2909,27,1.44,5.19,0.70909,2,26,62.44,9.22999,0.05387,27,10.58,8.97999,0.94612,2,26,71.99,12.91,0.00142,27,20.16,12.55,0.99857,1,27,25.95,19.02,1.0,1,27,33.3,25.94,1.0,1,27,39.09,33.29,1.0,1,27,41.97,39.98,1.0,1,27,47.54,46.45,1.0,1,27,53.33,52.47,1.0,1,27,58.23,58.05,1.0,1,27,70.94,63.63,1.0,1,27,82.53,64.97,1.0,1,27,91.22,61.41,1.0,1,27,98.77,56.0,1.0,1,27,106.8,48.2,1.0,1,27,111.04,41.29,1.0,1,27,111.94,31.48,1.0,1,27,98.26,34.15,1.0,1,27,96.38,42.82,1.0,1,27,92.16,49.65,1.0,1,27,86.74,55.29,1.0,1,27,81.08999,59.22,1.0,1,27,71.97,59.33,1.0,1,27,69.12,67.37,1.0,1,27,75.9,68.79,1.0,1,27,82.06,69.37,1.0,1,27,88.72,68.62999,1.0,1,27,94.03,65.56,1.0,1,27,98.76,62.08,1.0,1,27,103.25,57.7,1.0,1,27,108.27,50.92,1.0,1,27,112.72,44.03,1.0,1,27,113.86,37.13,1.0,1,27,113.81,31.49,1.0,2,26,1.9,-3.7,0.99999,27,-50.1,-3.28,0.0,2,26,21.75,-4.96,0.99999,27,-30.27,-4.75,0.0],"hull":56,"edges":[110,0,8,10,10,12,12,14,14,16,16,18,18,20,20,22,22,24,24,26,26,28,28,30,30,32,32,34,104,106,96,94,94,92,92,90,90,88,88,86,86,84,84,82,82,80,80,78,78,76,76,74,74,72,72,70,70,68,68,66,66,64,64,62,62,60,60,58,58,56,56,54,54,52,52,50,50,48,48,46,46,44,44,42,42,40,40,38,36,34,38,36,106,108,108,110,112,114,116,118,118,120,120,122,122,124,124,126,126,128,128,130,130,132,132,134,134,136,136,138,138,140,140,142,142,144,144,146,146,148,148,150,150,152,152,154,154,54,64,156,156,158,158,160,160,162,162,164,164,166,168,170,170,172,172,174,174,176,176,178,178,180,180,182,182,184,184,186,186,188,108,190,190,112,104,190,190,0,102,104,102,112,0,2,2,4,112,2,114,4,100,102,114,100,96,98,98,100,114,192,192,116,98,192,4,6,6,8,192,6,96,116,116,8,94,118,118,10,92,120,120,12,90,122,122,14,88,124,124,16,86,126,126,18],"width":92,"height":177}},"Fringe_Back":{"Fringe_Back":{"x":42.61,"y":0.67,"rotation":90.01,"width":119,"height":136}}},"Ver":"1.1"}